<annotation>
	<folder>wuond</folder>
	<filename>herida4.jpg</filename>
	<path>C:\Users\T4I\Documents\wuond\herida4.jpg</path>
	<source>
		<database>Unknown</database>
	</source>
	<size>
		<width>1600</width>
		<height>833</height>
		<depth>3</depth>
	</size>
	<segmented>0</segmented>
	<object>
		<name>herida</name>
		<pose>Unspecified</pose>
		<truncated>0</truncated>
		<difficult>0</difficult>
		<bndbox>
			<xmin>451</xmin>
			<ymin>253</ymin>
			<xmax>679</xmax>
			<ymax>658</ymax>
		</bndbox>
	</object>
</annotation>
