<annotation>
	<folder>wuond</folder>
	<filename>herida1.jpg</filename>
	<path>C:\Users\T4I\Documents\wuond\herida1.jpg</path>
	<source>
		<database>Unknown</database>
	</source>
	<size>
		<width>474</width>
		<height>474</height>
		<depth>3</depth>
	</size>
	<segmented>0</segmented>
	<object>
		<name>herida</name>
		<pose>Unspecified</pose>
		<truncated>0</truncated>
		<difficult>0</difficult>
		<bndbox>
			<xmin>168</xmin>
			<ymin>181</ymin>
			<xmax>314</xmax>
			<ymax>305</ymax>
		</bndbox>
	</object>
</annotation>
