<annotation>
	<folder>wuond</folder>
	<filename>herida3.jpg</filename>
	<path>C:\Users\T4I\Documents\wuond\herida3.jpg</path>
	<source>
		<database>Unknown</database>
	</source>
	<size>
		<width>600</width>
		<height>400</height>
		<depth>3</depth>
	</size>
	<segmented>0</segmented>
	<object>
		<name>herida</name>
		<pose>Unspecified</pose>
		<truncated>0</truncated>
		<difficult>0</difficult>
		<bndbox>
			<xmin>202</xmin>
			<ymin>65</ymin>
			<xmax>437</xmax>
			<ymax>385</ymax>
		</bndbox>
	</object>
</annotation>
