<annotation>
	<folder>wuond</folder>
	<filename>herida9.jpg</filename>
	<path>C:\Users\T4I\Documents\wuond\herida9.jpg</path>
	<source>
		<database>Unknown</database>
	</source>
	<size>
		<width>500</width>
		<height>334</height>
		<depth>3</depth>
	</size>
	<segmented>0</segmented>
	<object>
		<name>herida</name>
		<pose>Unspecified</pose>
		<truncated>0</truncated>
		<difficult>0</difficult>
		<bndbox>
			<xmin>136</xmin>
			<ymin>147</ymin>
			<xmax>199</xmax>
			<ymax>201</ymax>
		</bndbox>
	</object>
</annotation>
