<annotation>
	<folder>wuond</folder>
	<filename>herida6.jpg</filename>
	<path>C:\Users\T4I\Documents\wuond\herida6.jpg</path>
	<source>
		<database>Unknown</database>
	</source>
	<size>
		<width>600</width>
		<height>400</height>
		<depth>3</depth>
	</size>
	<segmented>0</segmented>
	<object>
		<name>herida</name>
		<pose>Unspecified</pose>
		<truncated>0</truncated>
		<difficult>0</difficult>
		<bndbox>
			<xmin>275</xmin>
			<ymin>177</ymin>
			<xmax>364</xmax>
			<ymax>294</ymax>
		</bndbox>
	</object>
</annotation>
