<annotation>
	<folder>wuond</folder>
	<filename>herida2.jpg</filename>
	<path>C:\Users\T4I\Documents\wuond\herida2.jpg</path>
	<source>
		<database>Unknown</database>
	</source>
	<size>
		<width>606</width>
		<height>404</height>
		<depth>3</depth>
	</size>
	<segmented>0</segmented>
	<object>
		<name>herida</name>
		<pose>Unspecified</pose>
		<truncated>0</truncated>
		<difficult>0</difficult>
		<bndbox>
			<xmin>288</xmin>
			<ymin>60</ymin>
			<xmax>478</xmax>
			<ymax>360</ymax>
		</bndbox>
	</object>
</annotation>
