<annotation>
	<folder>wuond</folder>
	<filename>herida7.jpg</filename>
	<path>C:\Users\T4I\Documents\wuond\herida7.jpg</path>
	<source>
		<database>Unknown</database>
	</source>
	<size>
		<width>399</width>
		<height>600</height>
		<depth>3</depth>
	</size>
	<segmented>0</segmented>
	<object>
		<name>herida</name>
		<pose>Unspecified</pose>
		<truncated>0</truncated>
		<difficult>0</difficult>
		<bndbox>
			<xmin>116</xmin>
			<ymin>207</ymin>
			<xmax>184</xmax>
			<ymax>288</ymax>
		</bndbox>
	</object>
	<object>
		<name>herida</name>
		<pose>Unspecified</pose>
		<truncated>0</truncated>
		<difficult>0</difficult>
		<bndbox>
			<xmin>145</xmin>
			<ymin>147</ymin>
			<xmax>193</xmax>
			<ymax>186</ymax>
		</bndbox>
	</object>
</annotation>
