<annotation>
	<folder>wuond</folder>
	<filename>herida8.jpg</filename>
	<path>C:\Users\T4I\Documents\wuond\herida8.jpg</path>
	<source>
		<database>Unknown</database>
	</source>
	<size>
		<width>680</width>
		<height>300</height>
		<depth>3</depth>
	</size>
	<segmented>0</segmented>
	<object>
		<name>herida</name>
		<pose>Unspecified</pose>
		<truncated>0</truncated>
		<difficult>0</difficult>
		<bndbox>
			<xmin>243</xmin>
			<ymin>135</ymin>
			<xmax>454</xmax>
			<ymax>212</ymax>
		</bndbox>
	</object>
</annotation>
