<annotation>
	<folder>wuond</folder>
	<filename>herida10.webp</filename>
	<path>C:\Users\T4I\Documents\wuond\herida10.webp</path>
	<source>
		<database>Unknown</database>
	</source>
	<size>
		<width>390</width>
		<height>280</height>
		<depth>3</depth>
	</size>
	<segmented>0</segmented>
	<object>
		<name>herida</name>
		<pose>Unspecified</pose>
		<truncated>0</truncated>
		<difficult>0</difficult>
		<bndbox>
			<xmin>121</xmin>
			<ymin>140</ymin>
			<xmax>171</xmax>
			<ymax>165</ymax>
		</bndbox>
	</object>
</annotation>
